Query,Link
aer lingus,https://www.trustpilot.com/review/www.aerlingus.com
aeroflot,https://www.trustpilot.com/review/aeroflot.com
aerolineas argentinas,https://www.trustpilot.com/review/aerolineas.com.ar
aeromexico,https://www.trustpilot.com/review/aeromexico.com
aeromexico,https://www.trustpilot.com/review/aeromexico.pro
aigle azur,https://www.trustpilot.com/review/www.aigle-azur.com
air algerie,https://www.trustpilot.com/review/www.airalgerie.dz
air arabia,https://www.trustpilot.com/review/airarabia.com
air astana,https://www.trustpilot.com/review/www.airastana.com
air austral,https://www.trustpilot.com/review/air-austral.com
air cairo,https://www.trustpilot.com/review/www.flyaircairo.com
air canada,https://www.trustpilot.com/review/www.aircanada.com
air canada,https://www.trustpilot.com/review/www.aircanadavacations.com
air canada,https://www.trustpilot.com/review/aircanada.ca
air canada,https://www.trustpilot.com/review/air-canada.se
air caraibes,https://www.trustpilot.com/review/aircaraibes.com
air china,https://www.trustpilot.com/review/airchina.dk
air corsica,https://www.trustpilot.com/review/aircorsica.com
air dolomiti,https://www.trustpilot.com/review/airdolomiti.it
air europa,https://www.trustpilot.com/review/www.aireuropa.com
air europa,https://www.trustpilot.com/review/www.air-europa.com
air france,https://www.trustpilot.com/review/www.airfrance.fr
air france,https://www.trustpilot.com/review/www.airfrance.com
air france,https://www.trustpilot.com/review/www.airfrance.dk
air france,https://www.trustpilot.com/review/airfrance.se
air france,https://www.trustpilot.com/review/airfrance.es
air france,https://www.trustpilot.com/review/airfrance.de
air france,https://www.trustpilot.com/review/www.airfrance.ie
air france,https://www.trustpilot.com/review/airfrance.no
air france,https://www.trustpilot.com/review/airfrance.co.uk
air france,https://www.trustpilot.com/review/airfrance.be
air greenland,https://www.trustpilot.com/review/mail.airgreenland.gl
air india,https://www.trustpilot.com/review/airindia.in
air india,https://www.trustpilot.com/review/airindia.com
air italy,https://www.trustpilot.com/review/www.airitaly.com
air malta,https://www.trustpilot.com/review/www.airmalta.com
air mauritius,https://www.trustpilot.com/review/www.airmauritius.com
air moldova,https://www.trustpilot.com/review/airmoldova.md
air namibia,https://www.trustpilot.com/review/www.airnamibia.com
air new zealand,https://www.trustpilot.com/review/airnewzealand.com.au
air new zealand,https://www.trustpilot.com/review/airnz.co.nz
air north,https://www.trustpilot.com/review/flyairnorth.com
air nostrum,https://www.trustpilot.com/review/airnostrum.es
air rarotonga,https://www.trustpilot.com/review/www.airraro.com
air serbia,https://www.trustpilot.com/review/airserbia.com
air seychelles,https://www.trustpilot.com/review/www.airseychelles.com
air tahiti nui,https://www.trustpilot.com/review/www.airtahitinui.pf
air tahiti nui,https://www.trustpilot.com/review/airtahitinui.com
air transat,https://www.trustpilot.com/review/airtransat.ca
air transat,https://www.trustpilot.com/review/www.airtransat.fr
air transat,https://www.trustpilot.com/review/airtransat.com
air transat,https://www.trustpilot.com/review/transat.com
airblue,https://www.trustpilot.com/review/www.airblue.com
aircalin,https://www.trustpilot.com/review/www.aircalin.nc
aircalin,https://www.trustpilot.com/review/aircalin.com
airlink,https://www.trustpilot.com/review/flyairlink.com
airswift,https://www.trustpilot.com/review/www.air-swift.com
alaska airlines,https://www.trustpilot.com/review/alaskaair.com
alitalia,https://www.trustpilot.com/review/www.alitalia.com
alrosa,https://www.trustpilot.com/review/www.alrosa.aero
alsie express,https://www.trustpilot.com/review/www.alsieexpress.com
alsie express,https://www.trustpilot.com/review/alsieexpress.dk
american airlines,https://www.trustpilot.com/review/www.aa.com
american airlines,https://www.trustpilot.com/review/americanairlines.co.uk
american airlines,https://www.trustpilot.com/review/american-airlines.com
american airlines,https://www.trustpilot.com/review/www.usairways.com
anadolujet,https://www.trustpilot.com/review/anadolujet.com
arik air,https://www.trustpilot.com/review/arikair.com
asiana airlines,https://www.trustpilot.com/review/asiana-airlines.net
atlantic airways,https://www.trustpilot.com/review/www.atlantic.fo
austrian airlines,https://www.trustpilot.com/review/www.austrian.com
austrian airlines,https://www.trustpilot.com/review/austrian-airlines.sk
austrian airlines,https://www.trustpilot.com/review/bookflights.austrian.com
austrian airlines,https://www.trustpilot.com/review/shop.austrian.com
avianca,https://www.trustpilot.com/review/avianca.com
bahamasair,https://www.trustpilot.com/review/www.bahamasair.com
batik air,https://www.trustpilot.com/review/batikair.com
biman bangladesh airlines,https://www.trustpilot.com/review/www.biman-airlines.com
binter,https://www.trustpilot.com/review/bintercanarias.com
blue air,https://www.trustpilot.com/review/www.blueairweb.com
blue air,https://www.trustpilot.com/review/blue-air.ro
blue panorama airlines,https://www.trustpilot.com/review/www.blue-panorama.com
boutique air,https://www.trustpilot.com/review/boutiqueair.com
british airways,https://www.trustpilot.com/review/www.britishairways.com
british airways,https://www.trustpilot.com/review/britishairways.dk
british airways,https://www.trustpilot.com/review/ba.uk
british airways,https://www.trustpilot.com/review/worldtraveller.com
brussels airlines,https://www.trustpilot.com/review/www.brusselsairlines.com
buta airways,https://www.trustpilot.com/review/www.butaairways.az
cabo verde airlines,https://www.trustpilot.com/review/www.caboverdeairlines.com
cambodia angkor air,https://www.trustpilot.com/review/cambodiaangkorair.com
canaryfly,https://www.trustpilot.com/review/www.canaryfly.es
cape air,https://www.trustpilot.com/review/capeair.com
central mountain air,https://www.trustpilot.com/review/flycma.com
china airlines,https://www.trustpilot.com/review/china-airlines.com
china southern airlines,https://www.trustpilot.com/review/global.csair.com
china southern airlines,https://www.trustpilot.com/review/www.china-southern-airlines.com
cinnamon air,https://www.trustpilot.com/review/cinnamonair.com
cityjet,https://www.trustpilot.com/review/www.cityjet.com
cobalt,https://www.trustpilot.com/review/cobalt.solutions
corendon airlines,https://www.trustpilot.com/review/corendonairlines.com
corsair,https://www.trustpilot.com/review/www.corsair.fr
corsair,https://www.trustpilot.com/review/www.corsair.com
corsair,https://www.trustpilot.com/review/corsairmemory.com
croatia airlines,https://www.trustpilot.com/review/www.croatiaairlines.com
cubana de aviacion,https://www.trustpilot.com/review/cubana.cu
cyprus airways,https://www.trustpilot.com/review/cyprusairways.com
czech airlines,https://www.trustpilot.com/review/www.czechairlines.com
czech airlines,https://www.trustpilot.com/review/www.csa.cz
delta air lines,https://www.trustpilot.com/review/www.delta.com
eastern airways,https://www.trustpilot.com/review/easternairways.com
easyfly,https://www.trustpilot.com/review/easyfly.co.uk
easyfly,https://www.trustpilot.com/review/easyfly.bg
easyfly,https://www.trustpilot.com/review/easyfly.pl
easyjet,https://www.trustpilot.com/review/www.easyjet.com
easyjet,https://www.trustpilot.com/review/cars.easyjet.com
easyjet,https://www.trustpilot.com/review/easyjet.ch
easyjet,https://www.trustpilot.com/review/easyjet.es
easyjet,https://www.trustpilot.com/review/easyjet.it
edelweiss air,https://www.trustpilot.com/review/edelweissair.ch
edelweiss air,https://www.trustpilot.com/review/flyedelweiss.com
egyptair,https://www.trustpilot.com/review/egyptair.com
ellinair,https://www.trustpilot.com/review/en.ellinair.com
emirates,https://www.trustpilot.com/review/www.emirates.com
emirates,https://www.trustpilot.com/review/emirates.dk
emirates,https://www.trustpilot.com/review/www.emirates.org
emirates,https://www.trustpilot.com/review/emirates.co.uk
enter air,https://www.trustpilot.com/review/enterair.pl
ernest,https://www.trustpilot.com/review/ernest.hk
etihad airways,https://www.trustpilot.com/review/dxbooking.etihad.com
etihad airways,https://www.trustpilot.com/review/uaevisas.etihad.com
eurowings,https://www.trustpilot.com/review/www.germanwings.com
eurowings,https://www.trustpilot.com/review/eurowings.com
eurowings,https://www.trustpilot.com/review/eurowings-holidays.co.uk
eurowings,https://www.trustpilot.com/review/eurowings.de
eurowings,https://www.trustpilot.com/review/eurowings.dk
eva air,https://www.trustpilot.com/review/www.evaair.com
fastjet,https://www.trustpilot.com/review/fastjet.com
fiji airways,https://www.trustpilot.com/review/fijiairways.com
finnair,https://www.trustpilot.com/review/www.finnair.com
finnair,https://www.trustpilot.com/review/finnair.se
finnair,https://www.trustpilot.com/review/finnair.dk
firefly,https://www.trustpilot.com/review/thefirefly.com
firefly,https://www.trustpilot.com/review/firefly.it
firefly,https://www.trustpilot.com/review/firefly.pt
flair airlines,https://www.trustpilot.com/review/flyflair.com
flyadeal,https://www.trustpilot.com/review/flyadeal.com
flybe,https://www.trustpilot.com/review/www.flybe.com
flybe,https://www.trustpilot.com/review/flybe.co.uk
flybosnia,https://www.trustpilot.com/review/flybosnia.ba
flydubai,https://www.trustpilot.com/review/flydubai.com
flyegypt,https://www.trustpilot.com/review/flyegypt.today
flyme,https://www.trustpilot.com/review/flyme.com
flynas,https://www.trustpilot.com/review/www.flynas.com
flyone,https://www.trustpilot.com/review/flyone.eu
french bee,https://www.trustpilot.com/review/frenchbee.com
frontier airlines,https://www.trustpilot.com/review/flyfrontier.com
garuda indonesia,https://www.trustpilot.com/review/www.garuda-indonesia.com
goair,https://www.trustpilot.com/review/www.goair.in
gulf air,https://www.trustpilot.com/review/www.gulfair.com
gulf air,https://www.trustpilot.com/review/gulf-air.com
hainan airlines,https://www.trustpilot.com/review/www.hainanairlines.com
hawaiian airlines,https://www.trustpilot.com/review/www.hawaiianairlines.com
hawaiian airlines,https://www.trustpilot.com/review/www.hawaiianair.com
hk express,https://www.trustpilot.com/review/hkexpress.com
hop!,https://www.trustpilot.com/review/hop.com
iberia,https://www.trustpilot.com/review/www.iberia.es
iberia,https://www.trustpilot.com/review/iberia.com
iberia,https://www.trustpilot.com/review/iberia.dk
iberia,https://www.trustpilot.com/review/ibplustore.iberia.com
iberia express,https://www.trustpilot.com/review/www.iberiaexpress.com
ibex,https://www.trustpilot.com/review/ibex.com
ibex,https://www.trustpilot.com/review/ibex-parts.de
ibex,https://www.trustpilot.com/review/ibex24.ru
ibex,https://www.trustpilot.com/review/ibex.co
icelandair,https://www.trustpilot.com/review/www.icelandair.dk
icelandair,https://www.trustpilot.com/review/icelandair.de
icelandair,https://www.trustpilot.com/review/www.icelandair.com
icelandair,https://www.trustpilot.com/review/icelandair.fr
icelandair,https://www.trustpilot.com/review/icelandair.is
icelandair,https://www.trustpilot.com/review/icelandair.se
icelandair,https://www.trustpilot.com/review/icelandair.no
indigo,https://www.trustpilot.com/review/fr.parkindigo.com
indigo,https://www.trustpilot.com/review/goindigo.in
indigo,https://www.trustpilot.com/review/indigo.cloud
indigo,https://www.trustpilot.com/review/www.parkindigo.co.uk
interjet,https://www.trustpilot.com/review/interjet.com
israir,https://www.trustpilot.com/review/israir.co.il
japan airlines,https://www.trustpilot.com/review/jal.com
jazeera airways,https://www.trustpilot.com/review/www.jazeeraairways.com
jeju air,https://www.trustpilot.com/review/www.jejuair.net
jet airways,https://www.trustpilot.com/review/www.jetairways.com
jsx,https://www.trustpilot.com/review/www.jsx.com
kan airlines,https://www.trustpilot.com/review/www.kanairlines.com
kenya airways,https://www.trustpilot.com/review/www.kenya-airways.com
klm royal dutch airlines,https://www.trustpilot.com/review/klm.se
klm royal dutch airlines,https://www.trustpilot.com/review/klm.it
klm royal dutch airlines,https://www.trustpilot.com/review/klm.fr
klm royal dutch airlines,https://www.trustpilot.com/review/klm.de
klm royal dutch airlines,https://www.trustpilot.com/review/klm.at
klm royal dutch airlines,https://www.trustpilot.com/review/klm.es
korean air,https://www.trustpilot.com/review/koreanair.com
korean air,https://www.trustpilot.com/review/korean-air.vn
kulula,https://www.trustpilot.com/review/kulula.com
kuwait airways,https://www.trustpilot.com/review/www.kuwaitairways.com
la compagnie,https://www.trustpilot.com/review/lacompagnie.com
latam airlines,https://www.trustpilot.com/review/www.latam.com
latam airlines,https://www.trustpilot.com/review/www.lan.com
level,https://www.trustpilot.com/review/flylevel.com
loganair,https://www.trustpilot.com/review/www.loganair.co.uk
lot polish airlines,https://www.trustpilot.com/review/www.lot.com
lot polish airlines,https://www.trustpilot.com/review/lot.pl
lot polish airlines,https://www.trustpilot.com/review/book.lot.com
lufthansa,https://www.trustpilot.com/review/www.lufthansa.com
lufthansa,https://www.trustpilot.com/review/lufthansaairline.com
lufthansa,https://www.trustpilot.com/review/www.worldshop.eu
lufthansa,https://www.trustpilot.com/review/lh.com
luxair,https://www.trustpilot.com/review/luxair.lu
mahan air,https://www.trustpilot.com/review/mahan.aero
malindo air,https://www.trustpilot.com/review/www.malindoair.com
mango,https://www.trustpilot.com/review/mango.pt
mango,https://www.trustpilot.com/review/mango.es
mango,https://www.trustpilot.com/review/mango.be
mango,https://www.trustpilot.com/review/mango.co.uk
middle east airlines,https://www.trustpilot.com/review/booking.mea.com.lb
mistral air,https://www.trustpilot.com/review/mistralair.it
mokulele airlines,https://www.trustpilot.com/review/mokuleleairlines.com
monarch,https://www.trustpilot.com/review/monarch.capital
monarch,https://www.trustpilot.com/review/www.monarch.dk
monarch,https://www.trustpilot.com/review/www.monarch.co.uk
monarch,https://www.trustpilot.com/review/www.cosmos.co.uk
montenegro airlines,https://www.trustpilot.com/review/montenegroairlines.com
oman air,https://www.trustpilot.com/review/omanair.com
pakistan international airlines,https://www.trustpilot.com/review/piac.com.pk
peach aviation,https://www.trustpilot.com/review/flypeach.com
pegasus airlines,https://www.trustpilot.com/review/www.flypgs.com
pegasus airlines,https://www.trustpilot.com/review/web.flypgs.com
peruvian airlines,https://www.trustpilot.com/review/www.peruvian.pe
philippine airlines,https://www.trustpilot.com/review/philippineairlines.com
plus ultra lineas aereas,https://www.trustpilot.com/review/plusultra.com
porter airlines,https://www.trustpilot.com/review/flyporter.com
primera air,https://www.trustpilot.com/review/primeraair.dk
primera air,https://www.trustpilot.com/review/www.primeraair.com
qantas,https://www.trustpilot.com/review/www.qantas.com.au
qantas,https://www.trustpilot.com/review/quantas.com
qatar airways,https://www.trustpilot.com/review/www.qatarairways.com
qatar airways,https://www.trustpilot.com/review/careers.qatarairways.com
regent airways,https://www.trustpilot.com/review/www.flyregent.com
royal air maroc,https://www.trustpilot.com/review/www.royalairmaroc.com
royal brunei airlines,https://www.trustpilot.com/review/www.flyroyalbrunei.com
royal jordanian,https://www.trustpilot.com/review/rj.com
rwandair,https://www.trustpilot.com/review/rwandair.com
ryanair,https://www.trustpilot.com/review/www.ryanair.com
ryanair,https://www.trustpilot.com/review/www.ryanair.it
ryanair,https://www.trustpilot.com/review/ryanair.de
ryanair,https://www.trustpilot.com/review/www.ryanair.co.uk
ryanair,https://www.trustpilot.com/review/ryanair.se
ryanair,https://www.trustpilot.com/review/ryanair.be
ryanair,https://www.trustpilot.com/review/help.ryanair.com
ryanair,https://www.trustpilot.com/review/ryanair.fr
s7 airlines,https://www.trustpilot.com/review/s7.ru
salamair,https://www.trustpilot.com/review/www.salamair.com
sansa,https://www.trustpilot.com/review/www.sansa.co.uk
sas,https://www.trustpilot.com/review/www.sas.dk
sas,https://www.trustpilot.com/review/www.sas.se
sas,https://www.trustpilot.com/review/www.sas.no
sas,https://www.trustpilot.com/review/www.flysas.com
scoot,https://www.trustpilot.com/review/flyscoot.com
scoot,https://www.trustpilot.com/review/www.scoot.co.uk
silver airways,https://www.trustpilot.com/review/www.silverairways.com
singapore airlines,https://www.trustpilot.com/review/singaporeairlines.com
singapore airlines,https://www.trustpilot.com/review/www.singaporeair.com
sky express,https://www.trustpilot.com/review/skyexpress.gr
skyjet airlines,https://www.trustpilot.com/review/www.flyskyjetair.com
smartwings,https://www.trustpilot.com/review/www.smartwings.com
smartwings,https://www.trustpilot.com/review/smartwingshome.com
smartwings,https://www.trustpilot.com/review/smartwings.ae
south african airways,https://www.trustpilot.com/review/flysaa.com
southwest airlines,https://www.trustpilot.com/review/www.southwest.com
southwest airlines,https://www.trustpilot.com/review/rapidrewards.com
spicejet,https://www.trustpilot.com/review/www.spicejet.com
spirit airlines,https://www.trustpilot.com/review/www.spirit.com
spring airlines,https://www.trustpilot.com/review/en.ch.com
sun country airlines,https://www.trustpilot.com/review/suncountry.com
sundair,https://www.trustpilot.com/review/sundair.com
sunexpress,https://www.trustpilot.com/review/www.sunexpress.com
swiss international air lines,https://www.trustpilot.com/review/www.swiss.com
swiss international air lines,https://www.trustpilot.com/review/www.swissair.com
swoop,https://www.trustpilot.com/review/www.flyswoop.com
swoop,https://www.trustpilot.com/review/swoopfunding.com
swoop,https://www.trustpilot.com/review/swoop-antarctica.com
swoop,https://www.trustpilot.com/review/www.swoop-patagonia.com
swoop,https://www.trustpilot.com/review/swoopapp.com
swoop,https://www.trustpilot.com/review/www.swoop.eu
tag,https://www.trustpilot.com/review/tag.pet
tap air portugal,https://www.trustpilot.com/review/flights.flytap.com
tap air portugal,https://www.trustpilot.com/review/book.flytap.com
tarom,https://www.trustpilot.com/review/tarom.ro
thai lion air,https://www.trustpilot.com/review/lionairthai.com
thomas cook airlines,https://www.trustpilot.com/review/www.thomascookairlines.com
thomas cook airlines,https://www.trustpilot.com/review/flythomascook.com
tigerair australia,https://www.trustpilot.com/review/tigerair.com.au
tradewind aviation,https://www.trustpilot.com/review/www.flytradewind.com
transavia,https://www.trustpilot.com/review/www.transavia.com
transavia,https://www.trustpilot.com/review/transavia.nl
tunisair,https://www.trustpilot.com/review/tunisair.com
turkish airlines,https://www.trustpilot.com/review/www.turkishairlines.com
turkish airlines,https://www.trustpilot.com/review/www4.thy.com
turkish airlines,https://www.trustpilot.com/review/p.turkishairlines.com
united airlines,https://www.trustpilot.com/review/unitedairlines.com
united airlines,https://www.trustpilot.com/review/united-airlines.com
united airlines,https://www.trustpilot.com/review/fly.united.com
ural airlines,https://www.trustpilot.com/review/uralairlines.ru
uzbekistan airways,https://www.trustpilot.com/review/uzairways.com
vasco,https://www.trustpilot.com/review/vasco.nl
vietjetair,https://www.trustpilot.com/review/www.vietjetair.com
vietnam airlines,https://www.trustpilot.com/review/vietnamairlines.com
virgin australia,https://www.trustpilot.com/review/www.virginaustralia.com
vistara,https://www.trustpilot.com/review/airvistara.com
volaris,https://www.trustpilot.com/review/volaris.com
volotea,https://www.trustpilot.com/review/volotea.com
volotea,https://www.trustpilot.com/review/volotea.it
volotea,https://www.trustpilot.com/review/www.volotea.fr
volotea,https://www.trustpilot.com/review/www.volotea.es
vueling airlines,https://www.trustpilot.com/review/m.vueling.com
westjet,https://www.trustpilot.com/review/www.westjet.com
westjet,https://www.trustpilot.com/review/westjet.ca
wideroe,https://www.trustpilot.com/review/www.wideroe.no
wingo,https://www.trustpilot.com/review/www.wingo.ch
wingo,https://www.trustpilot.com/review/wingo.com
wingo,https://www.trustpilot.com/review/wingo.store
wizz air,https://www.trustpilot.com/review/wizzair.uk
wizz air,https://www.trustpilot.com/review/wizzair.pl
wizz air,https://www.trustpilot.com/review/wizzair.co.uk
wow air,https://www.trustpilot.com/review/wowair.is
wow air,https://www.trustpilot.com/review/wowair.com
wow air,https://www.trustpilot.com/review/wowair.dk
xiamen airlines,https://www.trustpilot.com/review/xiamenair.com
yeti airlines,https://www.trustpilot.com/review/www.yetiairlines.com
